Chromosome	Position	Ref	Alt	ASB in transcription factors	ASB in cell types	FOXO1_HUMAN_FDR_Ref	FOXO1_HUMAN_FDR_Alt	FOXO1_HUMAN_Effect_Size_Ref	FOXO1_HUMAN_Effect_Size_Alt
chr1	110672850	A	C	FOXO1_HUMAN	germinal center B-cells,GM12878 (female B-cells),monocyte-derived macrophages,periferal blood macrophages	0.0	1.4496769520411308	-0.43200000000000005	1.26
chr1	192575665	A	G	FOXO1_HUMAN	germinal center B-cells	1.3030451595079295	0.0	1.202	
chr12	69906551	A	C	BCL6_HUMAN,FOXO1_HUMAN	germinal center B-cells	0.0	2.9180088673281888	-1.2790000000000001	1.455
chr12	122004475	C	A	BHE40_HUMAN,FOXO1_HUMAN	GM12878 (female B-cells)	4.077279651358291	0.0	1.673	
chr12	122024580	C	T	FOXO1_HUMAN	germinal center B-cells,GM12878 (female B-cells)	1.5595939998895398	0.0	1.315	
chr14	95664685	G	A	FOXO1_HUMAN	germinal center B-cells	2.261826572447961	0.0	1.59	-1.466
chr15	59406649	G	A	BCL6_HUMAN,FOXO1_HUMAN	germinal center B-cells	3.4464459775794727	0.0	1.547	0.828
chr2	128306460	C	T	FOXO1_HUMAN	endometrial stromal cells	1.4641223878198681	0.0	1.328	-1.227
chr2	136136294	C	T	FOXO1_HUMAN	germinal center B-cells	2.261826572447961	0.0	1.6340000000000001	-2.508
chr2	226515643	C	T	FOXO1_HUMAN	HepG2 (hepatoblastoma)	0.0	1.3072381958357777		1.258
chr4	80610954	G	A	FOXO1_HUMAN	germinal center B-cells	0.0	1.9265578224071402		1.4969999999999999
chr6	157561540	C	A	FOXO1_HUMAN	germinal center B-cells,GM12878 (female B-cells)	2.241626533428434	0.0	1.5090000000000001	
chr8	8753289	T	C	BCL6_HUMAN,CREB1_HUMAN,FOXO1_HUMAN	germinal center B-cells	3.4464459775794727	0.2215962883043309	1.435	0.271
chr8	38957675	C	T	FOXO1_HUMAN	GM12878 (female B-cells),H929 (plasma cell myeloma),HL-60 (acute myeloid leukemia)	0.23016821851944938	2.153107628880961	-0.195	1.656
chr8	60026391	A	C	FOXO1_HUMAN	germinal center B-cells	1.3585540362917314	0.11194156778990204	1.182	-0.29600000000000004
chr8	66010142	A	G	KMT2A_HUMAN,FOXO1_HUMAN	germinal center B-cells,fetal bone marrow-derived mononuclear cells	0.0	1.4733054280709503	-1.319	1.319
chr8	66010160	C	G	FOXO1_HUMAN	germinal center B-cells	1.6451772296946132	0.0	1.35	
