Chromosome	Position	Ref	Alt	ASB in transcription factors	ASB in cell types	NGN2_HUMAN_FDR_Ref	NGN2_HUMAN_FDR_Alt	NGN2_HUMAN_Effect_Size_Ref	NGN2_HUMAN_Effect_Size_Alt
chr1	16017588	T	C	MTG16_HUMAN,NGN2_HUMAN	K562 (myelogenous leukemia),MRC-5 (fetal lung fibroblasts)	1.4856570137310208	0.0	0.787	-0.981
chr11	762441	A	C	NGN2_HUMAN	HEK293 (embryonic kidney),K562 (myelogenous leukemia),MRC-5 (fetal lung fibroblasts)	0.003977687255033658	2.796425617773469	0.23199999999999998	0.6920000000000001
chr14	50336122	A	G	NGN2_HUMAN,TWST1_HUMAN	SK-N-BE(2)-C (neuroblastoma),MRC-5 (fetal lung fibroblasts)	0.01774672299828617	2.344213872039712	0.141	0.586
chr14	93975094	T	G	NGN2_HUMAN	MRC-5 (fetal lung fibroblasts)	1.639105958104294	0.014895528758793498	0.534	0.012
chr16	75758	T	C	NGN2_HUMAN	K562 (myelogenous leukemia),MRC-5 (fetal lung fibroblasts)	1.9297889494806408	0.010859344882580288	0.657	-0.114
chr18	10041357	C	G	CTCF_HUMAN,NGN2_HUMAN	pancreas,MRC-5 (fetal lung fibroblasts)	0.0	1.7304281824239147	0.243	1.06
chr19	41323676	T	A	AP2A_HUMAN,FOXA1_HUMAN,NGN2_HUMAN	cranial neural crest cells,HepG2 (hepatoblastoma),SK-N-SH (neuroblastoma),MRC-5 (fetal lung fibroblasts)	1.3099683938723337	0.0	1.3259999999999998	-1.7719999999999998
chr19	41323701	G	A	FOXA2_HUMAN,HTF4_HUMAN,NGN2_HUMAN	HepG2 (hepatoblastoma),K562 (myelogenous leukemia),MRC-5 (fetal lung fibroblasts)	0.004169899395290693	2.5838578379192865	-0.32299999999999995	0.466
chr6	170473308	T	C	NGN2_HUMAN	MRC-5 (fetal lung fibroblasts)	2.217657569787685	0.03352002171283409	0.563	0.154
chr7	75966262	C	T	NGN2_HUMAN	MRC-5 (fetal lung fibroblasts)	2.15656954584903	0.04729506301168418	0.588	0.10300000000000001
chr8	57014917	G	C	NGN2_HUMAN	MRC-5 (fetal lung fibroblasts)	1.9297889494806408	0.014895528758793498	0.56	-0.10400000000000001
chr8	142681514	G	A	NGN2_HUMAN	MRC-5 (fetal lung fibroblasts)	1.7043107440462393	0.014895528758793498	0.568	-0.017
