Chromosome	Position	Ref	Alt	ASB in transcription factors	ASB in cell types	ZN680_HUMAN_FDR_Ref	ZN680_HUMAN_FDR_Alt	ZN680_HUMAN_Effect_Size_Ref	ZN680_HUMAN_Effect_Size_Alt
chr1	195791532	A	G	ZN680_HUMAN	HEK293 (embryonic kidney)	0.43676924400946193	1.478959165399471	0.7659999999999999	1.85
chr1	238745053	C	G	ZN680_HUMAN	HEK293 (embryonic kidney)	1.3062809496791872	0.0	1.758	
chr12	85844699	T	C	ZN680_HUMAN	HEK293 (embryonic kidney)	2.9382538656859545	0.0	1.7890000000000001	
chr13	35762646	A	G	ZNF18_HUMAN,ZN680_HUMAN	HEK293 (embryonic kidney)	0.0	4.283199033003975		2.074
chr15	75076197	A	C	ZN680_HUMAN	HEK293 (embryonic kidney)	2.9411254268287013	0.0	1.771	-2.14
chr15	83105803	C	T	ZN680_HUMAN	HEK293 (embryonic kidney)	1.4728989550423837	0.0	1.48	-1.986
chr15	98588907	C	G	ZN680_HUMAN	HEK293 (embryonic kidney)	2.9411254268287013	0.0	1.7819999999999998	-2.2880000000000003
chr17	40069190	T	A	MNT_HUMAN,ZBT26_HUMAN,SP3_HUMAN,PRDM4_HUMAN,EGR2_HUMAN,ZBT20_HUMAN,SP2_HUMAN,ZSCA4_HUMAN,ZN335_HUMAN,ZN680_HUMAN,KLF8_HUMAN,PATZ1_HUMAN,ZBT21_HUMAN,ZN398_HUMAN	GM12878 (female B-cells),HEK293 (embryonic kidney),K562 (myelogenous leukemia)	0.0	1.7511134664914694	-1.567	1.222
chr17	67660542	G	A	ZN697_HUMAN,ZN680_HUMAN,Z518A_HUMAN,ZN426_HUMAN,ZNF34_HUMAN,ZN555_HUMAN,ZN394_HUMAN	HEK293 (embryonic kidney)	0.0	8.795766157281122		2.233
chr18	49506696	T	C	ZBT11_HUMAN,ZN680_HUMAN,ZN426_HUMAN	HEK293 (embryonic kidney)	1.6327358143840975	0.0	1.504	
chr2	60354720	C	T	ZN680_HUMAN	GM12878 (female B-cells)	2.0577768624383843	0.018780939736146078	0.515	-0.32
chr3	17411731	T	C	SP7_HUMAN,BC11B_HUMAN,ZN680_HUMAN	VCaP (prostate carcinoma),HEK293 (embryonic kidney)	0.0	1.9493926432915443		1.7280000000000002
chr5	25610654	A	C	ZN680_HUMAN	HEK293 (embryonic kidney)	0.005587660480915225	1.478959165399471	-0.892	1.69
